timestamp,metric_name,value
2026-03-15T00:00:00+00:00,error_rate,0.000987
2026-03-15T00:00:00+00:00,response_time_p99,451.177986
2026-03-15T00:05:00+00:00,error_rate,0.000976
2026-03-15T00:05:00+00:00,response_time_p99,433.386700
2026-03-15T00:10:00+00:00,error_rate,0.000945
2026-03-15T00:10:00+00:00,response_time_p99,432.180831
2026-03-15T00:15:00+00:00,error_rate,0.000965
2026-03-15T00:15:00+00:00,response_time_p99,457.971281
2026-03-15T00:20:00+00:00,error_rate,0.000976
2026-03-15T00:20:00+00:00,response_time_p99,445.950903
2026-03-15T00:25:00+00:00,error_rate,0.000994
2026-03-15T00:25:00+00:00,response_time_p99,472.479502
2026-03-15T00:30:00+00:00,error_rate,0.001025
2026-03-15T00:30:00+00:00,response_time_p99,452.804999
2026-03-15T00:35:00+00:00,error_rate,0.001091
2026-03-15T00:35:00+00:00,response_time_p99,469.233152
2026-03-15T00:40:00+00:00,error_rate,0.000932
2026-03-15T00:40:00+00:00,response_time_p99,469.850515
2026-03-15T00:45:00+00:00,error_rate,0.001034
2026-03-15T00:45:00+00:00,response_time_p99,430.660468
2026-03-15T00:50:00+00:00,error_rate,0.000904
2026-03-15T00:50:00+00:00,response_time_p99,428.746063
2026-03-15T00:55:00+00:00,error_rate,0.001073
2026-03-15T00:55:00+00:00,response_time_p99,449.940219
2026-03-15T01:00:00+00:00,error_rate,0.000960
2026-03-15T01:00:00+00:00,response_time_p99,471.016291
2026-03-15T01:05:00+00:00,error_rate,0.000952
2026-03-15T01:05:00+00:00,response_time_p99,445.308596
2026-03-15T01:10:00+00:00,error_rate,0.000968
2026-03-15T01:10:00+00:00,response_time_p99,435.402136
2026-03-15T01:15:00+00:00,error_rate,0.001015
2026-03-15T01:15:00+00:00,response_time_p99,455.030700
2026-03-15T01:20:00+00:00,error_rate,0.001020
2026-03-15T01:20:00+00:00,response_time_p99,468.542380
2026-03-15T01:25:00+00:00,error_rate,0.001065
2026-03-15T01:25:00+00:00,response_time_p99,455.407907
2026-03-15T01:30:00+00:00,error_rate,0.000989
2026-03-15T01:30:00+00:00,response_time_p99,447.824121
2026-03-15T01:35:00+00:00,error_rate,0.001009
2026-03-15T01:35:00+00:00,response_time_p99,438.366097
2026-03-15T01:40:00+00:00,error_rate,0.001036
2026-03-15T01:40:00+00:00,response_time_p99,445.222023
2026-03-15T01:45:00+00:00,error_rate,0.000992
2026-03-15T01:45:00+00:00,response_time_p99,436.260817
2026-03-15T01:50:00+00:00,error_rate,0.001087
2026-03-15T01:50:00+00:00,response_time_p99,464.920666
2026-03-15T01:55:00+00:00,error_rate,0.001075
2026-03-15T01:55:00+00:00,response_time_p99,441.092347
2026-03-15T02:00:00+00:00,error_rate,0.001009
2026-03-15T02:00:00+00:00,response_time_p99,444.888972
2026-03-15T02:05:00+00:00,error_rate,0.001044
2026-03-15T02:05:00+00:00,response_time_p99,467.118111
2026-03-15T02:10:00+00:00,error_rate,0.000909
2026-03-15T02:10:00+00:00,response_time_p99,460.713460
2026-03-15T02:15:00+00:00,error_rate,0.000999
2026-03-15T02:15:00+00:00,response_time_p99,453.027920
2026-03-15T02:20:00+00:00,error_rate,0.000906
2026-03-15T02:20:00+00:00,response_time_p99,448.345167
2026-03-15T02:25:00+00:00,error_rate,0.000936
2026-03-15T02:25:00+00:00,response_time_p99,439.279329
2026-03-15T02:30:00+00:00,error_rate,0.000902
2026-03-15T02:30:00+00:00,response_time_p99,468.985833
2026-03-15T02:35:00+00:00,error_rate,0.000906
2026-03-15T02:35:00+00:00,response_time_p99,445.471726
2026-03-15T02:40:00+00:00,error_rate,0.000956
2026-03-15T02:40:00+00:00,response_time_p99,469.249942
2026-03-15T02:45:00+00:00,error_rate,0.001066
2026-03-15T02:45:00+00:00,response_time_p99,465.364339
2026-03-15T02:50:00+00:00,error_rate,0.000955
2026-03-15T02:50:00+00:00,response_time_p99,428.997313
2026-03-15T02:55:00+00:00,error_rate,0.000954
2026-03-15T02:55:00+00:00,response_time_p99,457.106958
2026-03-15T03:00:00+00:00,error_rate,0.001063
2026-03-15T03:00:00+00:00,response_time_p99,445.914952
2026-03-15T03:05:00+00:00,error_rate,0.001066
2026-03-15T03:05:00+00:00,response_time_p99,458.650344
2026-03-15T03:10:00+00:00,error_rate,0.000999
2026-03-15T03:10:00+00:00,response_time_p99,466.215995
2026-03-15T03:15:00+00:00,error_rate,0.000909
2026-03-15T03:15:00+00:00,response_time_p99,439.229963
2026-03-15T03:20:00+00:00,error_rate,0.000912
2026-03-15T03:20:00+00:00,response_time_p99,448.308290
2026-03-15T03:25:00+00:00,error_rate,0.001019
2026-03-15T03:25:00+00:00,response_time_p99,436.553077
2026-03-15T03:30:00+00:00,error_rate,0.000987
2026-03-15T03:30:00+00:00,response_time_p99,434.960645
2026-03-15T03:35:00+00:00,error_rate,0.001032
2026-03-15T03:35:00+00:00,response_time_p99,454.169322
2026-03-15T03:40:00+00:00,error_rate,0.001092
2026-03-15T03:40:00+00:00,response_time_p99,451.038889
2026-03-15T03:45:00+00:00,error_rate,0.001094
2026-03-15T03:45:00+00:00,response_time_p99,462.098445
2026-03-15T03:50:00+00:00,error_rate,0.000976
2026-03-15T03:50:00+00:00,response_time_p99,462.822325
2026-03-15T03:55:00+00:00,error_rate,0.000902
2026-03-15T03:55:00+00:00,response_time_p99,438.048014
2026-03-15T04:00:00+00:00,error_rate,0.001082
2026-03-15T04:00:00+00:00,response_time_p99,463.948454
2026-03-15T04:05:00+00:00,error_rate,0.001079
2026-03-15T04:05:00+00:00,response_time_p99,438.721224
2026-03-15T04:10:00+00:00,error_rate,0.000985
2026-03-15T04:10:00+00:00,response_time_p99,469.776710
2026-03-15T04:15:00+00:00,error_rate,0.000945
2026-03-15T04:15:00+00:00,response_time_p99,470.955595
2026-03-15T04:20:00+00:00,error_rate,0.000979
2026-03-15T04:20:00+00:00,response_time_p99,464.494632
2026-03-15T04:25:00+00:00,error_rate,0.001085
2026-03-15T04:25:00+00:00,response_time_p99,472.268710
2026-03-15T04:30:00+00:00,error_rate,0.001045
2026-03-15T04:30:00+00:00,response_time_p99,440.767919
2026-03-15T04:35:00+00:00,error_rate,0.000994
2026-03-15T04:35:00+00:00,response_time_p99,450.449089
2026-03-15T04:40:00+00:00,error_rate,0.000900
2026-03-15T04:40:00+00:00,response_time_p99,432.592840
2026-03-15T04:45:00+00:00,error_rate,0.001036
2026-03-15T04:45:00+00:00,response_time_p99,428.936000
2026-03-15T04:50:00+00:00,error_rate,0.000966
2026-03-15T04:50:00+00:00,response_time_p99,450.937206
2026-03-15T04:55:00+00:00,error_rate,0.001062
2026-03-15T04:55:00+00:00,response_time_p99,453.449933
2026-03-15T05:00:00+00:00,error_rate,0.000942
2026-03-15T05:00:00+00:00,response_time_p99,448.714764
2026-03-15T05:05:00+00:00,error_rate,0.000986
2026-03-15T05:05:00+00:00,response_time_p99,447.689777
2026-03-15T05:10:00+00:00,error_rate,0.000917
2026-03-15T05:10:00+00:00,response_time_p99,427.990121
2026-03-15T05:15:00+00:00,error_rate,0.000934
2026-03-15T05:15:00+00:00,response_time_p99,460.128562
2026-03-15T05:20:00+00:00,error_rate,0.000901
2026-03-15T05:20:00+00:00,response_time_p99,470.097723
2026-03-15T05:25:00+00:00,error_rate,0.000953
2026-03-15T05:25:00+00:00,response_time_p99,455.971889
2026-03-15T05:30:00+00:00,error_rate,0.000993
2026-03-15T05:30:00+00:00,response_time_p99,445.177639
2026-03-15T05:35:00+00:00,error_rate,0.001074
2026-03-15T05:35:00+00:00,response_time_p99,439.958583
2026-03-15T05:40:00+00:00,error_rate,0.001032
2026-03-15T05:40:00+00:00,response_time_p99,444.759645
2026-03-15T05:45:00+00:00,error_rate,0.000946
2026-03-15T05:45:00+00:00,response_time_p99,450.869096
2026-03-15T05:50:00+00:00,error_rate,0.000941
2026-03-15T05:50:00+00:00,response_time_p99,449.685675
2026-03-15T05:55:00+00:00,error_rate,0.001078
2026-03-15T05:55:00+00:00,response_time_p99,464.027555
2026-03-15T06:00:00+00:00,error_rate,0.000990
2026-03-15T06:00:00+00:00,response_time_p99,461.128771
2026-03-15T06:05:00+00:00,error_rate,0.001099
2026-03-15T06:05:00+00:00,response_time_p99,459.528010
2026-03-15T06:10:00+00:00,error_rate,0.001060
2026-03-15T06:10:00+00:00,response_time_p99,456.406759
2026-03-15T06:15:00+00:00,error_rate,0.000989
2026-03-15T06:15:00+00:00,response_time_p99,459.131072
2026-03-15T06:20:00+00:00,error_rate,0.001015
2026-03-15T06:20:00+00:00,response_time_p99,438.634491
2026-03-15T06:25:00+00:00,error_rate,0.001090
2026-03-15T06:25:00+00:00,response_time_p99,446.524151
2026-03-15T06:30:00+00:00,error_rate,0.001074
2026-03-15T06:30:00+00:00,response_time_p99,427.694616
2026-03-15T06:35:00+00:00,error_rate,0.000990
2026-03-15T06:35:00+00:00,response_time_p99,469.422757
2026-03-15T06:40:00+00:00,error_rate,0.000976
2026-03-15T06:40:00+00:00,response_time_p99,431.127940
2026-03-15T06:45:00+00:00,error_rate,0.001098
2026-03-15T06:45:00+00:00,response_time_p99,435.145024
2026-03-15T06:50:00+00:00,error_rate,0.001047
2026-03-15T06:50:00+00:00,response_time_p99,445.126540
2026-03-15T06:55:00+00:00,error_rate,0.000967
2026-03-15T06:55:00+00:00,response_time_p99,452.458795
2026-03-15T07:00:00+00:00,error_rate,0.000959
2026-03-15T07:00:00+00:00,response_time_p99,439.202447
2026-03-15T07:05:00+00:00,error_rate,0.000994
2026-03-15T07:05:00+00:00,response_time_p99,428.662623
2026-03-15T07:10:00+00:00,error_rate,0.000922
2026-03-15T07:10:00+00:00,response_time_p99,432.202389
2026-03-15T07:15:00+00:00,error_rate,0.000920
2026-03-15T07:15:00+00:00,response_time_p99,429.071865
2026-03-15T07:20:00+00:00,error_rate,0.001100
2026-03-15T07:20:00+00:00,response_time_p99,433.963033
2026-03-15T07:25:00+00:00,error_rate,0.000922
2026-03-15T07:25:00+00:00,response_time_p99,456.618081
2026-03-15T07:30:00+00:00,error_rate,0.000950
2026-03-15T07:30:00+00:00,response_time_p99,438.909506
2026-03-15T07:35:00+00:00,error_rate,0.001006
2026-03-15T07:35:00+00:00,response_time_p99,429.987396
2026-03-15T07:40:00+00:00,error_rate,0.001039
2026-03-15T07:40:00+00:00,response_time_p99,465.400140
2026-03-15T07:45:00+00:00,error_rate,0.000956
2026-03-15T07:45:00+00:00,response_time_p99,458.333288
2026-03-15T07:50:00+00:00,error_rate,0.001022
2026-03-15T07:50:00+00:00,response_time_p99,464.750707
2026-03-15T07:55:00+00:00,error_rate,0.001050
2026-03-15T07:55:00+00:00,response_time_p99,463.019431
2026-03-15T08:00:00+00:00,error_rate,0.001066
2026-03-15T08:00:00+00:00,response_time_p99,447.596973
2026-03-15T08:05:00+00:00,error_rate,0.000967
2026-03-15T08:05:00+00:00,response_time_p99,451.510520
2026-03-15T08:10:00+00:00,error_rate,0.001022
2026-03-15T08:10:00+00:00,response_time_p99,454.038951
2026-03-15T08:15:00+00:00,error_rate,0.001064
2026-03-15T08:15:00+00:00,response_time_p99,443.481921
2026-03-15T08:20:00+00:00,error_rate,0.001013
2026-03-15T08:20:00+00:00,response_time_p99,458.517170
2026-03-15T08:25:00+00:00,error_rate,0.000931
2026-03-15T08:25:00+00:00,response_time_p99,445.329593
2026-03-15T08:30:00+00:00,error_rate,0.000962
2026-03-15T08:30:00+00:00,response_time_p99,455.554286
2026-03-15T08:35:00+00:00,error_rate,0.001037
2026-03-15T08:35:00+00:00,response_time_p99,470.847379
2026-03-15T08:40:00+00:00,error_rate,0.000997
2026-03-15T08:40:00+00:00,response_time_p99,442.061302
2026-03-15T08:45:00+00:00,error_rate,0.001088
2026-03-15T08:45:00+00:00,response_time_p99,445.866509
2026-03-15T08:50:00+00:00,error_rate,0.001023
2026-03-15T08:50:00+00:00,response_time_p99,436.639004
2026-03-15T08:55:00+00:00,error_rate,0.001079
2026-03-15T08:55:00+00:00,response_time_p99,448.816667
2026-03-15T09:00:00+00:00,error_rate,0.001071
2026-03-15T09:00:00+00:00,response_time_p99,447.431081
2026-03-15T09:05:00+00:00,error_rate,0.000929
2026-03-15T09:05:00+00:00,response_time_p99,462.263339
2026-03-15T09:10:00+00:00,error_rate,0.000966
2026-03-15T09:10:00+00:00,response_time_p99,469.436939
2026-03-15T09:15:00+00:00,error_rate,0.000956
2026-03-15T09:15:00+00:00,response_time_p99,471.992596
2026-03-15T09:20:00+00:00,error_rate,0.001042
2026-03-15T09:20:00+00:00,response_time_p99,435.421013
2026-03-15T09:25:00+00:00,error_rate,0.001034
2026-03-15T09:25:00+00:00,response_time_p99,432.828227
2026-03-15T09:30:00+00:00,error_rate,0.000999
2026-03-15T09:30:00+00:00,response_time_p99,467.539069
2026-03-15T09:35:00+00:00,error_rate,0.000947
2026-03-15T09:35:00+00:00,response_time_p99,441.829153
2026-03-15T09:40:00+00:00,error_rate,0.000968
2026-03-15T09:40:00+00:00,response_time_p99,450.837403
2026-03-15T09:45:00+00:00,error_rate,0.001023
2026-03-15T09:45:00+00:00,response_time_p99,466.444962
2026-03-15T09:50:00+00:00,error_rate,0.001068
2026-03-15T09:50:00+00:00,response_time_p99,447.873535
2026-03-15T09:55:00+00:00,error_rate,0.001063
2026-03-15T09:55:00+00:00,response_time_p99,444.977848
2026-03-15T10:00:00+00:00,error_rate,0.001016
2026-03-15T10:00:00+00:00,response_time_p99,456.433846
2026-03-15T10:05:00+00:00,error_rate,0.000931
2026-03-15T10:05:00+00:00,response_time_p99,466.534301
2026-03-15T10:10:00+00:00,error_rate,0.000982
2026-03-15T10:10:00+00:00,response_time_p99,460.747186
2026-03-15T10:15:00+00:00,error_rate,0.000936
2026-03-15T10:15:00+00:00,response_time_p99,467.811690
2026-03-15T10:20:00+00:00,error_rate,0.000972
2026-03-15T10:20:00+00:00,response_time_p99,454.593675
2026-03-15T10:25:00+00:00,error_rate,0.001031
2026-03-15T10:25:00+00:00,response_time_p99,454.124109
2026-03-15T10:30:00+00:00,error_rate,0.000941
2026-03-15T10:30:00+00:00,response_time_p99,452.078545
2026-03-15T10:35:00+00:00,error_rate,0.000943
2026-03-15T10:35:00+00:00,response_time_p99,457.175324
2026-03-15T10:40:00+00:00,error_rate,0.000977
2026-03-15T10:40:00+00:00,response_time_p99,454.262507
2026-03-15T10:45:00+00:00,error_rate,0.001001
2026-03-15T10:45:00+00:00,response_time_p99,442.006646
2026-03-15T10:50:00+00:00,error_rate,0.001097
2026-03-15T10:50:00+00:00,response_time_p99,445.937363
2026-03-15T10:55:00+00:00,error_rate,0.000986
2026-03-15T10:55:00+00:00,response_time_p99,461.948753
2026-03-15T11:00:00+00:00,error_rate,0.001072
2026-03-15T11:00:00+00:00,response_time_p99,434.098726
2026-03-15T11:05:00+00:00,error_rate,0.000920
2026-03-15T11:05:00+00:00,response_time_p99,452.443402
2026-03-15T11:10:00+00:00,error_rate,0.001068
2026-03-15T11:10:00+00:00,response_time_p99,469.511145
2026-03-15T11:15:00+00:00,error_rate,0.000934
2026-03-15T11:15:00+00:00,response_time_p99,432.286522
2026-03-15T11:20:00+00:00,error_rate,0.001043
2026-03-15T11:20:00+00:00,response_time_p99,466.992460
2026-03-15T11:25:00+00:00,error_rate,0.000931
2026-03-15T11:25:00+00:00,response_time_p99,436.428438
2026-03-15T11:30:00+00:00,error_rate,0.000983
2026-03-15T11:30:00+00:00,response_time_p99,441.088202
2026-03-15T11:35:00+00:00,error_rate,0.000908
2026-03-15T11:35:00+00:00,response_time_p99,451.264419
2026-03-15T11:40:00+00:00,error_rate,0.001052
2026-03-15T11:40:00+00:00,response_time_p99,450.854212
2026-03-15T11:45:00+00:00,error_rate,0.001096
2026-03-15T11:45:00+00:00,response_time_p99,443.829302
2026-03-15T11:50:00+00:00,error_rate,0.001087
2026-03-15T11:50:00+00:00,response_time_p99,437.267974
2026-03-15T11:55:00+00:00,error_rate,0.000930
2026-03-15T11:55:00+00:00,response_time_p99,450.947464
2026-03-15T12:00:00+00:00,error_rate,0.000931
2026-03-15T12:00:00+00:00,response_time_p99,453.745102
2026-03-15T12:05:00+00:00,error_rate,0.001064
2026-03-15T12:05:00+00:00,response_time_p99,450.452600
2026-03-15T12:10:00+00:00,error_rate,0.000994
2026-03-15T12:10:00+00:00,response_time_p99,434.988281
2026-03-15T12:15:00+00:00,error_rate,0.000979
2026-03-15T12:15:00+00:00,response_time_p99,429.158776
2026-03-15T12:20:00+00:00,error_rate,0.001041
2026-03-15T12:20:00+00:00,response_time_p99,451.296483
2026-03-15T12:25:00+00:00,error_rate,0.000962
2026-03-15T12:25:00+00:00,response_time_p99,462.141722
2026-03-15T12:30:00+00:00,error_rate,0.001083
2026-03-15T12:30:00+00:00,response_time_p99,439.923532
2026-03-15T12:35:00+00:00,error_rate,0.001005
2026-03-15T12:35:00+00:00,response_time_p99,447.978663
2026-03-15T12:40:00+00:00,error_rate,0.001032
2026-03-15T12:40:00+00:00,response_time_p99,436.728983
2026-03-15T12:45:00+00:00,error_rate,0.001066
2026-03-15T12:45:00+00:00,response_time_p99,431.970025
2026-03-15T12:50:00+00:00,error_rate,0.000928
2026-03-15T12:50:00+00:00,response_time_p99,439.986731
2026-03-15T12:55:00+00:00,error_rate,0.000985
2026-03-15T12:55:00+00:00,response_time_p99,453.791692
2026-03-15T13:00:00+00:00,error_rate,0.001034
2026-03-15T13:00:00+00:00,response_time_p99,459.457127
2026-03-15T13:05:00+00:00,error_rate,0.000970
2026-03-15T13:05:00+00:00,response_time_p99,429.835350
2026-03-15T13:10:00+00:00,error_rate,0.000947
2026-03-15T13:10:00+00:00,response_time_p99,458.840162
2026-03-15T13:15:00+00:00,error_rate,0.001090
2026-03-15T13:15:00+00:00,response_time_p99,428.845507
2026-03-15T13:20:00+00:00,error_rate,0.000960
2026-03-15T13:20:00+00:00,response_time_p99,469.110446
2026-03-15T13:25:00+00:00,error_rate,0.001008
2026-03-15T13:25:00+00:00,response_time_p99,436.097224
2026-03-15T13:30:00+00:00,error_rate,0.000990
2026-03-15T13:30:00+00:00,response_time_p99,437.259976
2026-03-15T13:35:00+00:00,error_rate,0.000901
2026-03-15T13:35:00+00:00,response_time_p99,434.341588
2026-03-15T13:40:00+00:00,error_rate,0.000987
2026-03-15T13:40:00+00:00,response_time_p99,444.527445
2026-03-15T13:45:00+00:00,error_rate,0.001088
2026-03-15T13:45:00+00:00,response_time_p99,456.150590
2026-03-15T13:50:00+00:00,error_rate,0.000941
2026-03-15T13:50:00+00:00,response_time_p99,459.049683
2026-03-15T13:55:00+00:00,error_rate,0.000948
2026-03-15T13:55:00+00:00,response_time_p99,451.749973
2026-03-15T14:00:00+00:00,error_rate,0.000974
2026-03-15T14:00:00+00:00,response_time_p99,429.702335
2026-03-15T14:05:00+00:00,error_rate,0.001039
2026-03-15T14:05:00+00:00,response_time_p99,441.464776
2026-03-15T14:10:00+00:00,error_rate,0.001037
2026-03-15T14:10:00+00:00,response_time_p99,467.292128
2026-03-15T14:15:00+00:00,error_rate,0.000994
2026-03-15T14:15:00+00:00,response_time_p99,457.836701
2026-03-15T14:20:00+00:00,error_rate,0.000904
2026-03-15T14:20:00+00:00,response_time_p99,441.936449
2026-03-15T14:25:00+00:00,error_rate,0.001041
2026-03-15T14:25:00+00:00,response_time_p99,465.758934
2026-03-15T14:30:00+00:00,error_rate,0.001038
2026-03-15T14:30:00+00:00,response_time_p99,471.574645
2026-03-15T14:35:00+00:00,error_rate,0.001033
2026-03-15T14:35:00+00:00,response_time_p99,470.752083
2026-03-15T14:40:00+00:00,error_rate,0.000926
2026-03-15T14:40:00+00:00,response_time_p99,440.162341
2026-03-15T14:45:00+00:00,error_rate,0.000914
2026-03-15T14:45:00+00:00,response_time_p99,444.520597
2026-03-15T14:50:00+00:00,error_rate,0.001013
2026-03-15T14:50:00+00:00,response_time_p99,468.079449
2026-03-15T14:55:00+00:00,error_rate,0.001071
2026-03-15T14:55:00+00:00,response_time_p99,448.780451
2026-03-15T15:00:00+00:00,error_rate,0.000985
2026-03-15T15:00:00+00:00,response_time_p99,449.259066
2026-03-15T15:05:00+00:00,error_rate,0.000908
2026-03-15T15:05:00+00:00,response_time_p99,449.628355
2026-03-15T15:10:00+00:00,error_rate,0.000976
2026-03-15T15:10:00+00:00,response_time_p99,434.141350
2026-03-15T15:15:00+00:00,error_rate,0.001038
2026-03-15T15:15:00+00:00,response_time_p99,449.712309
2026-03-15T15:20:00+00:00,error_rate,0.001001
2026-03-15T15:20:00+00:00,response_time_p99,456.491164
2026-03-15T15:25:00+00:00,error_rate,0.001083
2026-03-15T15:25:00+00:00,response_time_p99,466.591013
2026-03-15T15:30:00+00:00,error_rate,0.000963
2026-03-15T15:30:00+00:00,response_time_p99,459.569763
2026-03-15T15:35:00+00:00,error_rate,0.001027
2026-03-15T15:35:00+00:00,response_time_p99,445.150236
2026-03-15T15:40:00+00:00,error_rate,0.000911
2026-03-15T15:40:00+00:00,response_time_p99,434.659166
2026-03-15T15:45:00+00:00,error_rate,0.001078
2026-03-15T15:45:00+00:00,response_time_p99,462.156134
2026-03-15T15:50:00+00:00,error_rate,0.000900
2026-03-15T15:50:00+00:00,response_time_p99,442.884640
2026-03-15T15:55:00+00:00,error_rate,0.001045
2026-03-15T15:55:00+00:00,response_time_p99,458.772890
2026-03-15T16:00:00+00:00,error_rate,0.000975
2026-03-15T16:00:00+00:00,response_time_p99,468.690764
2026-03-15T16:05:00+00:00,error_rate,0.001044
2026-03-15T16:05:00+00:00,response_time_p99,428.569107
2026-03-15T16:10:00+00:00,error_rate,0.001026
2026-03-15T16:10:00+00:00,response_time_p99,458.960142
2026-03-15T16:15:00+00:00,error_rate,0.000915
2026-03-15T16:15:00+00:00,response_time_p99,459.435657
2026-03-15T16:20:00+00:00,error_rate,0.001098
2026-03-15T16:20:00+00:00,response_time_p99,460.298698
2026-03-15T16:25:00+00:00,error_rate,0.000975
2026-03-15T16:25:00+00:00,response_time_p99,430.421351
2026-03-15T16:30:00+00:00,error_rate,0.000952
2026-03-15T16:30:00+00:00,response_time_p99,442.280954
2026-03-15T16:35:00+00:00,error_rate,0.001049
2026-03-15T16:35:00+00:00,response_time_p99,428.550931
2026-03-15T16:40:00+00:00,error_rate,0.000907
2026-03-15T16:40:00+00:00,response_time_p99,433.584010
2026-03-15T16:45:00+00:00,error_rate,0.000914
2026-03-15T16:45:00+00:00,response_time_p99,457.868732
2026-03-15T16:50:00+00:00,error_rate,0.000923
2026-03-15T16:50:00+00:00,response_time_p99,462.746062
2026-03-15T16:55:00+00:00,error_rate,0.001096
2026-03-15T16:55:00+00:00,response_time_p99,461.307201
2026-03-15T17:00:00+00:00,error_rate,0.001039
2026-03-15T17:00:00+00:00,response_time_p99,443.273437
2026-03-15T17:05:00+00:00,error_rate,0.000962
2026-03-15T17:05:00+00:00,response_time_p99,432.807124
2026-03-15T17:10:00+00:00,error_rate,0.000928
2026-03-15T17:10:00+00:00,response_time_p99,428.490598
2026-03-15T17:15:00+00:00,error_rate,0.001082
2026-03-15T17:15:00+00:00,response_time_p99,435.387045
2026-03-15T17:20:00+00:00,error_rate,0.000915
2026-03-15T17:20:00+00:00,response_time_p99,470.518317
2026-03-15T17:25:00+00:00,error_rate,0.000939
2026-03-15T17:25:00+00:00,response_time_p99,450.268284
2026-03-15T17:30:00+00:00,error_rate,0.000946
2026-03-15T17:30:00+00:00,response_time_p99,443.093594
2026-03-15T17:35:00+00:00,error_rate,0.000949
2026-03-15T17:35:00+00:00,response_time_p99,454.745554
2026-03-15T17:40:00+00:00,error_rate,0.000941
2026-03-15T17:40:00+00:00,response_time_p99,440.858413
2026-03-15T17:45:00+00:00,error_rate,0.001067
2026-03-15T17:45:00+00:00,response_time_p99,443.012715
2026-03-15T17:50:00+00:00,error_rate,0.001091
2026-03-15T17:50:00+00:00,response_time_p99,428.952885
2026-03-15T17:55:00+00:00,error_rate,0.000912
2026-03-15T17:55:00+00:00,response_time_p99,463.074115
2026-03-15T18:00:00+00:00,error_rate,0.001010
2026-03-15T18:00:00+00:00,response_time_p99,459.445271
2026-03-15T18:05:00+00:00,error_rate,0.001054
2026-03-15T18:05:00+00:00,response_time_p99,445.243538
2026-03-15T18:10:00+00:00,error_rate,0.000964
2026-03-15T18:10:00+00:00,response_time_p99,447.284913
2026-03-15T18:15:00+00:00,error_rate,0.000992
2026-03-15T18:15:00+00:00,response_time_p99,441.511299
2026-03-15T18:20:00+00:00,error_rate,0.000960
2026-03-15T18:20:00+00:00,response_time_p99,431.799209
2026-03-15T18:25:00+00:00,error_rate,0.001074
2026-03-15T18:25:00+00:00,response_time_p99,471.555100
2026-03-15T18:30:00+00:00,error_rate,0.001075
2026-03-15T18:30:00+00:00,response_time_p99,466.728786
2026-03-15T18:35:00+00:00,error_rate,0.001075
2026-03-15T18:35:00+00:00,response_time_p99,438.303732
2026-03-15T18:40:00+00:00,error_rate,0.001022
2026-03-15T18:40:00+00:00,response_time_p99,445.918936
2026-03-15T18:45:00+00:00,error_rate,0.001095
2026-03-15T18:45:00+00:00,response_time_p99,433.934353
2026-03-15T18:50:00+00:00,error_rate,0.000962
2026-03-15T18:50:00+00:00,response_time_p99,464.734149
2026-03-15T18:55:00+00:00,error_rate,0.001014
2026-03-15T18:55:00+00:00,response_time_p99,449.445924
2026-03-15T19:00:00+00:00,error_rate,0.000969
2026-03-15T19:00:00+00:00,response_time_p99,448.334866
2026-03-15T19:05:00+00:00,error_rate,0.001068
2026-03-15T19:05:00+00:00,response_time_p99,450.742073
2026-03-15T19:10:00+00:00,error_rate,0.000983
2026-03-15T19:10:00+00:00,response_time_p99,431.665370
2026-03-15T19:15:00+00:00,error_rate,0.000990
2026-03-15T19:15:00+00:00,response_time_p99,464.168049
2026-03-15T19:20:00+00:00,error_rate,0.001043
2026-03-15T19:20:00+00:00,response_time_p99,440.305310
2026-03-15T19:25:00+00:00,error_rate,0.000909
2026-03-15T19:25:00+00:00,response_time_p99,451.158067
2026-03-15T19:30:00+00:00,error_rate,0.001046
2026-03-15T19:30:00+00:00,response_time_p99,471.855967
2026-03-15T19:35:00+00:00,error_rate,0.001030
2026-03-15T19:35:00+00:00,response_time_p99,432.903759
2026-03-15T19:40:00+00:00,error_rate,0.001033
2026-03-15T19:40:00+00:00,response_time_p99,450.014238
2026-03-15T19:45:00+00:00,error_rate,0.000941
2026-03-15T19:45:00+00:00,response_time_p99,430.858941
2026-03-15T19:50:00+00:00,error_rate,0.000982
2026-03-15T19:50:00+00:00,response_time_p99,462.035465
2026-03-15T19:55:00+00:00,error_rate,0.001032
2026-03-15T19:55:00+00:00,response_time_p99,449.249439
2026-03-15T20:00:00+00:00,error_rate,0.000906
2026-03-15T20:00:00+00:00,response_time_p99,454.267159
2026-03-15T20:05:00+00:00,error_rate,0.000990
2026-03-15T20:05:00+00:00,response_time_p99,470.975271
2026-03-15T20:10:00+00:00,error_rate,0.000999
2026-03-15T20:10:00+00:00,response_time_p99,433.854110
2026-03-15T20:15:00+00:00,error_rate,0.001076
2026-03-15T20:15:00+00:00,response_time_p99,443.928539
2026-03-15T20:20:00+00:00,error_rate,0.001059
2026-03-15T20:20:00+00:00,response_time_p99,436.438494
2026-03-15T20:25:00+00:00,error_rate,0.001018
2026-03-15T20:25:00+00:00,response_time_p99,450.613493
2026-03-15T20:30:00+00:00,error_rate,0.001062
2026-03-15T20:30:00+00:00,response_time_p99,446.101617
2026-03-15T20:35:00+00:00,error_rate,0.001050
2026-03-15T20:35:00+00:00,response_time_p99,451.452947
2026-03-15T20:40:00+00:00,error_rate,0.001044
2026-03-15T20:40:00+00:00,response_time_p99,456.289256
2026-03-15T20:45:00+00:00,error_rate,0.000961
2026-03-15T20:45:00+00:00,response_time_p99,464.642479
2026-03-15T20:50:00+00:00,error_rate,0.001061
2026-03-15T20:50:00+00:00,response_time_p99,460.651528
2026-03-15T20:55:00+00:00,error_rate,0.000928
2026-03-15T20:55:00+00:00,response_time_p99,428.462453
2026-03-15T21:00:00+00:00,error_rate,0.001095
2026-03-15T21:00:00+00:00,response_time_p99,458.570456
2026-03-15T21:05:00+00:00,error_rate,0.000979
2026-03-15T21:05:00+00:00,response_time_p99,428.385476
2026-03-15T21:10:00+00:00,error_rate,0.000926
2026-03-15T21:10:00+00:00,response_time_p99,460.188342
2026-03-15T21:15:00+00:00,error_rate,0.001088
2026-03-15T21:15:00+00:00,response_time_p99,444.463622
2026-03-15T21:20:00+00:00,error_rate,0.001033
2026-03-15T21:20:00+00:00,response_time_p99,459.755641
2026-03-15T21:25:00+00:00,error_rate,0.001036
2026-03-15T21:25:00+00:00,response_time_p99,463.036442
2026-03-15T21:30:00+00:00,error_rate,0.000964
2026-03-15T21:30:00+00:00,response_time_p99,447.472244
2026-03-15T21:35:00+00:00,error_rate,0.000969
2026-03-15T21:35:00+00:00,response_time_p99,452.690521
2026-03-15T21:40:00+00:00,error_rate,0.001028
2026-03-15T21:40:00+00:00,response_time_p99,471.353689
2026-03-15T21:45:00+00:00,error_rate,0.000910
2026-03-15T21:45:00+00:00,response_time_p99,453.327088
2026-03-15T21:50:00+00:00,error_rate,0.000950
2026-03-15T21:50:00+00:00,response_time_p99,441.400026
2026-03-15T21:55:00+00:00,error_rate,0.000914
2026-03-15T21:55:00+00:00,response_time_p99,429.385129
2026-03-15T22:00:00+00:00,error_rate,0.001006
2026-03-15T22:00:00+00:00,response_time_p99,460.277912
2026-03-15T22:05:00+00:00,error_rate,0.000963
2026-03-15T22:05:00+00:00,response_time_p99,430.394351
2026-03-15T22:10:00+00:00,error_rate,0.000969
2026-03-15T22:10:00+00:00,response_time_p99,458.333670
2026-03-15T22:15:00+00:00,error_rate,0.000919
2026-03-15T22:15:00+00:00,response_time_p99,441.839811
2026-03-15T22:20:00+00:00,error_rate,0.001014
2026-03-15T22:20:00+00:00,response_time_p99,441.052645
2026-03-15T22:25:00+00:00,error_rate,0.000922
2026-03-15T22:25:00+00:00,response_time_p99,463.845718
2026-03-15T22:30:00+00:00,error_rate,0.001093
2026-03-15T22:30:00+00:00,response_time_p99,444.309625
2026-03-15T22:35:00+00:00,error_rate,0.000998
2026-03-15T22:35:00+00:00,response_time_p99,459.963293
2026-03-15T22:40:00+00:00,error_rate,0.000931
2026-03-15T22:40:00+00:00,response_time_p99,458.665330
2026-03-15T22:45:00+00:00,error_rate,0.001064
2026-03-15T22:45:00+00:00,response_time_p99,464.927804
2026-03-15T22:50:00+00:00,error_rate,0.001071
2026-03-15T22:50:00+00:00,response_time_p99,467.543312
2026-03-15T22:55:00+00:00,error_rate,0.000945
2026-03-15T22:55:00+00:00,response_time_p99,454.497807
2026-03-15T23:00:00+00:00,error_rate,0.000964
2026-03-15T23:00:00+00:00,response_time_p99,432.080560
2026-03-15T23:05:00+00:00,error_rate,0.000932
2026-03-15T23:05:00+00:00,response_time_p99,435.505134
2026-03-15T23:10:00+00:00,error_rate,0.001011
2026-03-15T23:10:00+00:00,response_time_p99,461.960786
2026-03-15T23:15:00+00:00,error_rate,0.000972
2026-03-15T23:15:00+00:00,response_time_p99,434.457339
2026-03-15T23:20:00+00:00,error_rate,0.001004
2026-03-15T23:20:00+00:00,response_time_p99,433.383754
2026-03-15T23:25:00+00:00,error_rate,0.000961
2026-03-15T23:25:00+00:00,response_time_p99,458.916150
2026-03-15T23:30:00+00:00,error_rate,0.000977
2026-03-15T23:30:00+00:00,response_time_p99,437.305192
2026-03-15T23:35:00+00:00,error_rate,0.001069
2026-03-15T23:35:00+00:00,response_time_p99,471.886257
2026-03-15T23:40:00+00:00,error_rate,0.001066
2026-03-15T23:40:00+00:00,response_time_p99,440.436554
2026-03-15T23:45:00+00:00,error_rate,0.001008
2026-03-15T23:45:00+00:00,response_time_p99,461.903506
2026-03-15T23:50:00+00:00,error_rate,0.000962
2026-03-15T23:50:00+00:00,response_time_p99,455.807085
2026-03-15T23:55:00+00:00,error_rate,0.000970
2026-03-15T23:55:00+00:00,response_time_p99,445.539193
2026-03-16T00:00:00+00:00,error_rate,0.001048
2026-03-16T00:00:00+00:00,response_time_p99,463.272817
2026-03-16T00:05:00+00:00,error_rate,0.001357
2026-03-16T00:05:00+00:00,response_time_p99,463.143486
2026-03-16T00:10:00+00:00,error_rate,0.001688
2026-03-16T00:10:00+00:00,response_time_p99,448.262710
2026-03-16T00:15:00+00:00,error_rate,0.001986
2026-03-16T00:15:00+00:00,response_time_p99,470.953314
2026-03-16T00:20:00+00:00,error_rate,0.002360
2026-03-16T00:20:00+00:00,response_time_p99,466.117977
2026-03-16T00:25:00+00:00,error_rate,0.002820
2026-03-16T00:25:00+00:00,response_time_p99,451.371171
2026-03-16T00:30:00+00:00,error_rate,0.002998
2026-03-16T00:30:00+00:00,response_time_p99,470.089834
2026-03-16T00:35:00+00:00,error_rate,0.003550
2026-03-16T00:35:00+00:00,response_time_p99,460.619387
2026-03-16T00:40:00+00:00,error_rate,0.003541
2026-03-16T00:40:00+00:00,response_time_p99,469.809959
2026-03-16T00:45:00+00:00,error_rate,0.004078
2026-03-16T00:45:00+00:00,response_time_p99,471.246640
2026-03-16T00:50:00+00:00,error_rate,0.004557
2026-03-16T00:50:00+00:00,response_time_p99,470.557152
2026-03-16T00:55:00+00:00,error_rate,0.004515
2026-03-16T00:55:00+00:00,response_time_p99,485.535479
2026-03-16T01:00:00+00:00,error_rate,0.005168
2026-03-16T01:00:00+00:00,response_time_p99,475.492513
2026-03-16T01:05:00+00:00,error_rate,0.005588
2026-03-16T01:05:00+00:00,response_time_p99,479.040573
2026-03-16T01:10:00+00:00,error_rate,0.005887
2026-03-16T01:10:00+00:00,response_time_p99,471.380171
2026-03-16T01:15:00+00:00,error_rate,0.005930
2026-03-16T01:15:00+00:00,response_time_p99,489.051561
2026-03-16T01:20:00+00:00,error_rate,0.006233
2026-03-16T01:20:00+00:00,response_time_p99,474.736698
2026-03-16T01:25:00+00:00,error_rate,0.006563
2026-03-16T01:25:00+00:00,response_time_p99,496.501846
2026-03-16T01:30:00+00:00,error_rate,0.006912
2026-03-16T01:30:00+00:00,response_time_p99,482.854128
2026-03-16T01:35:00+00:00,error_rate,0.007676
2026-03-16T01:35:00+00:00,response_time_p99,481.946524
2026-03-16T01:40:00+00:00,error_rate,0.008093
2026-03-16T01:40:00+00:00,response_time_p99,500.713480
2026-03-16T01:45:00+00:00,error_rate,0.008202
2026-03-16T01:45:00+00:00,response_time_p99,505.602678
2026-03-16T01:50:00+00:00,error_rate,0.008215
2026-03-16T01:50:00+00:00,response_time_p99,489.493393
2026-03-16T01:55:00+00:00,error_rate,0.008450
2026-03-16T01:55:00+00:00,response_time_p99,503.523841
2026-03-16T02:00:00+00:00,error_rate,0.009019
2026-03-16T02:00:00+00:00,response_time_p99,523.287542
2026-03-16T02:05:00+00:00,error_rate,0.009042
2026-03-16T02:05:00+00:00,response_time_p99,524.476546
2026-03-16T02:10:00+00:00,error_rate,0.010331
2026-03-16T02:10:00+00:00,response_time_p99,515.442248
2026-03-16T02:15:00+00:00,error_rate,0.010572
2026-03-16T02:15:00+00:00,response_time_p99,506.112530
2026-03-16T02:20:00+00:00,error_rate,0.010989
2026-03-16T02:20:00+00:00,response_time_p99,524.793659
2026-03-16T02:25:00+00:00,error_rate,0.010554
2026-03-16T02:25:00+00:00,response_time_p99,526.804372
2026-03-16T02:30:00+00:00,error_rate,0.010949
2026-03-16T02:30:00+00:00,response_time_p99,517.065273
2026-03-16T02:35:00+00:00,error_rate,0.011891
2026-03-16T02:35:00+00:00,response_time_p99,527.225335
2026-03-16T02:40:00+00:00,error_rate,0.012310
2026-03-16T02:40:00+00:00,response_time_p99,524.462129
2026-03-16T02:45:00+00:00,error_rate,0.012828
2026-03-16T02:45:00+00:00,response_time_p99,516.455902
2026-03-16T02:50:00+00:00,error_rate,0.012363
2026-03-16T02:50:00+00:00,response_time_p99,534.893888
2026-03-16T02:55:00+00:00,error_rate,0.012959
2026-03-16T02:55:00+00:00,response_time_p99,546.563526
2026-03-16T03:00:00+00:00,error_rate,0.013590
2026-03-16T03:00:00+00:00,response_time_p99,545.046029
2026-03-16T03:05:00+00:00,error_rate,0.013844
2026-03-16T03:05:00+00:00,response_time_p99,530.836920
2026-03-16T03:10:00+00:00,error_rate,0.013406
2026-03-16T03:10:00+00:00,response_time_p99,543.738632
2026-03-16T03:15:00+00:00,error_rate,0.013885
2026-03-16T03:15:00+00:00,response_time_p99,556.379912
2026-03-16T03:20:00+00:00,error_rate,0.014052
2026-03-16T03:20:00+00:00,response_time_p99,553.084086
2026-03-16T03:25:00+00:00,error_rate,0.015455
2026-03-16T03:25:00+00:00,response_time_p99,543.726424
2026-03-16T03:30:00+00:00,error_rate,0.015525
2026-03-16T03:30:00+00:00,response_time_p99,554.925790
2026-03-16T03:35:00+00:00,error_rate,0.015425
2026-03-16T03:35:00+00:00,response_time_p99,547.242915
2026-03-16T03:40:00+00:00,error_rate,0.016764
2026-03-16T03:40:00+00:00,response_time_p99,570.908013
2026-03-16T03:45:00+00:00,error_rate,0.016546
2026-03-16T03:45:00+00:00,response_time_p99,555.577253
2026-03-16T03:50:00+00:00,error_rate,0.016859
2026-03-16T03:50:00+00:00,response_time_p99,547.000839
2026-03-16T03:55:00+00:00,error_rate,0.017458
2026-03-16T03:55:00+00:00,response_time_p99,574.483118
2026-03-16T04:00:00+00:00,error_rate,0.017065
2026-03-16T04:00:00+00:00,response_time_p99,579.401098
2026-03-16T04:05:00+00:00,error_rate,0.018228
2026-03-16T04:05:00+00:00,response_time_p99,562.559921
2026-03-16T04:10:00+00:00,error_rate,0.018689
2026-03-16T04:10:00+00:00,response_time_p99,560.116487
2026-03-16T04:15:00+00:00,error_rate,0.018431
2026-03-16T04:15:00+00:00,response_time_p99,569.472677
2026-03-16T04:20:00+00:00,error_rate,0.019583
2026-03-16T04:20:00+00:00,response_time_p99,577.702946
2026-03-16T04:25:00+00:00,error_rate,0.018630
2026-03-16T04:25:00+00:00,response_time_p99,567.380458
2026-03-16T04:30:00+00:00,error_rate,0.019671
2026-03-16T04:30:00+00:00,response_time_p99,594.356318
2026-03-16T04:35:00+00:00,error_rate,0.019931
2026-03-16T04:35:00+00:00,response_time_p99,589.480862
2026-03-16T04:40:00+00:00,error_rate,0.019081
2026-03-16T04:40:00+00:00,response_time_p99,589.167627
2026-03-16T04:45:00+00:00,error_rate,0.021054
2026-03-16T04:45:00+00:00,response_time_p99,593.431380
2026-03-16T04:50:00+00:00,error_rate,0.020331
2026-03-16T04:50:00+00:00,response_time_p99,605.717222
2026-03-16T04:55:00+00:00,error_rate,0.020046
2026-03-16T04:55:00+00:00,response_time_p99,592.467657
2026-03-16T05:00:00+00:00,error_rate,0.021698
2026-03-16T05:00:00+00:00,response_time_p99,580.484271
2026-03-16T05:05:00+00:00,error_rate,0.020923
2026-03-16T05:05:00+00:00,response_time_p99,604.036863
2026-03-16T05:10:00+00:00,error_rate,0.022734
2026-03-16T05:10:00+00:00,response_time_p99,617.385457
2026-03-16T05:15:00+00:00,error_rate,0.021988
2026-03-16T05:15:00+00:00,response_time_p99,588.087942
2026-03-16T05:20:00+00:00,error_rate,0.023270
2026-03-16T05:20:00+00:00,response_time_p99,607.460641
2026-03-16T05:25:00+00:00,error_rate,0.022773
2026-03-16T05:25:00+00:00,response_time_p99,621.465742
2026-03-16T05:30:00+00:00,error_rate,0.023670
2026-03-16T05:30:00+00:00,response_time_p99,613.443401
2026-03-16T05:35:00+00:00,error_rate,0.024443
2026-03-16T05:35:00+00:00,response_time_p99,603.494051
2026-03-16T05:40:00+00:00,error_rate,0.023498
2026-03-16T05:40:00+00:00,response_time_p99,632.946526
2026-03-16T05:45:00+00:00,error_rate,0.023632
2026-03-16T05:45:00+00:00,response_time_p99,617.328909
2026-03-16T05:50:00+00:00,error_rate,0.025694
2026-03-16T05:50:00+00:00,response_time_p99,635.155675
2026-03-16T05:55:00+00:00,error_rate,0.023941
2026-03-16T05:55:00+00:00,response_time_p99,636.575864
2026-03-16T06:00:00+00:00,error_rate,0.024319
2026-03-16T06:00:00+00:00,response_time_p99,629.260160
2026-03-16T06:05:00+00:00,error_rate,0.024748
2026-03-16T06:05:00+00:00,response_time_p99,634.361649
2026-03-16T06:10:00+00:00,error_rate,0.025092
2026-03-16T06:10:00+00:00,response_time_p99,622.670449
2026-03-16T06:15:00+00:00,error_rate,0.026171
2026-03-16T06:15:00+00:00,response_time_p99,631.482877
2026-03-16T06:20:00+00:00,error_rate,0.027912
2026-03-16T06:20:00+00:00,response_time_p99,638.279532
2026-03-16T06:25:00+00:00,error_rate,0.025989
2026-03-16T06:25:00+00:00,response_time_p99,635.083349
2026-03-16T06:30:00+00:00,error_rate,0.026884
2026-03-16T06:30:00+00:00,response_time_p99,653.934063
2026-03-16T06:35:00+00:00,error_rate,0.028102
2026-03-16T06:35:00+00:00,response_time_p99,631.095045
2026-03-16T06:40:00+00:00,error_rate,0.027469
2026-03-16T06:40:00+00:00,response_time_p99,662.991178
2026-03-16T06:45:00+00:00,error_rate,0.028129
2026-03-16T06:45:00+00:00,response_time_p99,641.136153
2026-03-16T06:50:00+00:00,error_rate,0.027667
2026-03-16T06:50:00+00:00,response_time_p99,665.599859
2026-03-16T06:55:00+00:00,error_rate,0.030074
2026-03-16T06:55:00+00:00,response_time_p99,656.025622
2026-03-16T07:00:00+00:00,error_rate,0.028791
2026-03-16T07:00:00+00:00,response_time_p99,653.684059
2026-03-16T07:05:00+00:00,error_rate,0.028446
2026-03-16T07:05:00+00:00,response_time_p99,662.225298
2026-03-16T07:10:00+00:00,error_rate,0.029576
2026-03-16T07:10:00+00:00,response_time_p99,644.943995
2026-03-16T07:15:00+00:00,error_rate,0.030585
2026-03-16T07:15:00+00:00,response_time_p99,677.433904
2026-03-16T07:20:00+00:00,error_rate,0.029778
2026-03-16T07:20:00+00:00,response_time_p99,672.852120
2026-03-16T07:25:00+00:00,error_rate,0.031213
2026-03-16T07:25:00+00:00,response_time_p99,648.119702
2026-03-16T07:30:00+00:00,error_rate,0.031467
2026-03-16T07:30:00+00:00,response_time_p99,683.131425
2026-03-16T07:35:00+00:00,error_rate,0.030616
2026-03-16T07:35:00+00:00,response_time_p99,670.072761
2026-03-16T07:40:00+00:00,error_rate,0.033465
2026-03-16T07:40:00+00:00,response_time_p99,671.332745
2026-03-16T07:45:00+00:00,error_rate,0.033944
2026-03-16T07:45:00+00:00,response_time_p99,693.330782
2026-03-16T07:50:00+00:00,error_rate,0.033183
2026-03-16T07:50:00+00:00,response_time_p99,696.930908
2026-03-16T07:55:00+00:00,error_rate,0.031730
2026-03-16T07:55:00+00:00,response_time_p99,688.857968
2026-03-16T08:00:00+00:00,error_rate,0.033189
2026-03-16T08:00:00+00:00,response_time_p99,682.815168
2026-03-16T08:05:00+00:00,error_rate,0.035059
2026-03-16T08:05:00+00:00,response_time_p99,694.259754
2026-03-16T08:10:00+00:00,error_rate,0.034294
2026-03-16T08:10:00+00:00,response_time_p99,672.744783
2026-03-16T08:15:00+00:00,error_rate,0.035959
2026-03-16T08:15:00+00:00,response_time_p99,685.301865
2026-03-16T08:20:00+00:00,error_rate,0.033498
2026-03-16T08:20:00+00:00,response_time_p99,698.409296
2026-03-16T08:25:00+00:00,error_rate,0.035653
2026-03-16T08:25:00+00:00,response_time_p99,697.751085
2026-03-16T08:30:00+00:00,error_rate,0.034710
2026-03-16T08:30:00+00:00,response_time_p99,678.842822
2026-03-16T08:35:00+00:00,error_rate,0.037005
2026-03-16T08:35:00+00:00,response_time_p99,688.536969
2026-03-16T08:40:00+00:00,error_rate,0.036551
2026-03-16T08:40:00+00:00,response_time_p99,704.952413
2026-03-16T08:45:00+00:00,error_rate,0.037742
2026-03-16T08:45:00+00:00,response_time_p99,714.192500
2026-03-16T08:50:00+00:00,error_rate,0.038494
2026-03-16T08:50:00+00:00,response_time_p99,709.589754
2026-03-16T08:55:00+00:00,error_rate,0.038149
2026-03-16T08:55:00+00:00,response_time_p99,695.750061
2026-03-16T09:00:00+00:00,error_rate,0.037898
2026-03-16T09:00:00+00:00,response_time_p99,692.203006
2026-03-16T09:05:00+00:00,error_rate,0.037394
2026-03-16T09:05:00+00:00,response_time_p99,721.751002
2026-03-16T09:10:00+00:00,error_rate,0.039327
2026-03-16T09:10:00+00:00,response_time_p99,734.616645
2026-03-16T09:15:00+00:00,error_rate,0.036986
2026-03-16T09:15:00+00:00,response_time_p99,713.515227
2026-03-16T09:20:00+00:00,error_rate,0.037488
2026-03-16T09:20:00+00:00,response_time_p99,742.226137
2026-03-16T09:25:00+00:00,error_rate,0.040451
2026-03-16T09:25:00+00:00,response_time_p99,721.949617
2026-03-16T09:30:00+00:00,error_rate,0.039975
2026-03-16T09:30:00+00:00,response_time_p99,736.699931
2026-03-16T09:35:00+00:00,error_rate,0.038141
2026-03-16T09:35:00+00:00,response_time_p99,730.854179
2026-03-16T09:40:00+00:00,error_rate,0.041501
2026-03-16T09:40:00+00:00,response_time_p99,734.570872
2026-03-16T09:45:00+00:00,error_rate,0.039246
2026-03-16T09:45:00+00:00,response_time_p99,748.605403
2026-03-16T09:50:00+00:00,error_rate,0.041702
2026-03-16T09:50:00+00:00,response_time_p99,723.243893
2026-03-16T09:55:00+00:00,error_rate,0.040078
2026-03-16T09:55:00+00:00,response_time_p99,757.069410
2026-03-16T10:00:00+00:00,error_rate,0.043869
2026-03-16T10:00:00+00:00,response_time_p99,741.613191
2026-03-16T10:05:00+00:00,error_rate,0.040832
2026-03-16T10:05:00+00:00,response_time_p99,753.477219
2026-03-16T10:10:00+00:00,error_rate,0.043132
2026-03-16T10:10:00+00:00,response_time_p99,761.116981
2026-03-16T10:15:00+00:00,error_rate,0.040981
2026-03-16T10:15:00+00:00,response_time_p99,745.932876
2026-03-16T10:20:00+00:00,error_rate,0.044785
2026-03-16T10:20:00+00:00,response_time_p99,757.288809
2026-03-16T10:25:00+00:00,error_rate,0.043215
2026-03-16T10:25:00+00:00,response_time_p99,754.464893
2026-03-16T10:30:00+00:00,error_rate,0.045749
2026-03-16T10:30:00+00:00,response_time_p99,758.565944
2026-03-16T10:35:00+00:00,error_rate,0.046119
2026-03-16T10:35:00+00:00,response_time_p99,749.451088
2026-03-16T10:40:00+00:00,error_rate,0.042927
2026-03-16T10:40:00+00:00,response_time_p99,742.496616
2026-03-16T10:45:00+00:00,error_rate,0.045411
2026-03-16T10:45:00+00:00,response_time_p99,767.099133
2026-03-16T10:50:00+00:00,error_rate,0.044281
2026-03-16T10:50:00+00:00,response_time_p99,743.014329
2026-03-16T10:55:00+00:00,error_rate,0.044464
2026-03-16T10:55:00+00:00,response_time_p99,762.410842
2026-03-16T11:00:00+00:00,error_rate,0.048055
2026-03-16T11:00:00+00:00,response_time_p99,786.917910
2026-03-16T11:05:00+00:00,error_rate,0.047670
2026-03-16T11:05:00+00:00,response_time_p99,785.876688
2026-03-16T11:10:00+00:00,error_rate,0.044606
2026-03-16T11:10:00+00:00,response_time_p99,792.123268
2026-03-16T11:15:00+00:00,error_rate,0.047651
2026-03-16T11:15:00+00:00,response_time_p99,789.624201
2026-03-16T11:20:00+00:00,error_rate,0.047072
2026-03-16T11:20:00+00:00,response_time_p99,766.400880
2026-03-16T11:25:00+00:00,error_rate,0.048332
2026-03-16T11:25:00+00:00,response_time_p99,766.090738
2026-03-16T11:30:00+00:00,error_rate,0.050106
2026-03-16T11:30:00+00:00,response_time_p99,783.053955
2026-03-16T11:35:00+00:00,error_rate,0.050219
2026-03-16T11:35:00+00:00,response_time_p99,799.205225
2026-03-16T11:40:00+00:00,error_rate,0.046909
2026-03-16T11:40:00+00:00,response_time_p99,794.623239
2026-03-16T11:45:00+00:00,error_rate,0.050185
2026-03-16T11:45:00+00:00,response_time_p99,769.462317
2026-03-16T11:50:00+00:00,error_rate,0.050335
2026-03-16T11:50:00+00:00,response_time_p99,804.334530
2026-03-16T11:55:00+00:00,error_rate,0.047879
2026-03-16T11:55:00+00:00,response_time_p99,781.336030
2026-03-16T12:00:00+00:00,error_rate,0.045353
2026-03-16T12:00:00+00:00,response_time_p99,825.983499
2026-03-16T12:05:00+00:00,error_rate,0.054286
2026-03-16T12:05:00+00:00,response_time_p99,808.479265
2026-03-16T12:10:00+00:00,error_rate,0.051559
2026-03-16T12:10:00+00:00,response_time_p99,834.594213
2026-03-16T12:15:00+00:00,error_rate,0.049644
2026-03-16T12:15:00+00:00,response_time_p99,811.088370
2026-03-16T12:20:00+00:00,error_rate,0.054081
2026-03-16T12:20:00+00:00,response_time_p99,782.730118
2026-03-16T12:25:00+00:00,error_rate,0.049087
2026-03-16T12:25:00+00:00,response_time_p99,824.430015
2026-03-16T12:30:00+00:00,error_rate,0.049435
2026-03-16T12:30:00+00:00,response_time_p99,811.794285
2026-03-16T12:35:00+00:00,error_rate,0.054612
2026-03-16T12:35:00+00:00,response_time_p99,797.252245
2026-03-16T12:40:00+00:00,error_rate,0.050646
2026-03-16T12:40:00+00:00,response_time_p99,802.301851
2026-03-16T12:45:00+00:00,error_rate,0.053253
2026-03-16T12:45:00+00:00,response_time_p99,764.875836
2026-03-16T12:50:00+00:00,error_rate,0.050438
2026-03-16T12:50:00+00:00,response_time_p99,830.693811
2026-03-16T12:55:00+00:00,error_rate,0.045569
2026-03-16T12:55:00+00:00,response_time_p99,814.948129
2026-03-16T13:00:00+00:00,error_rate,0.045964
2026-03-16T13:00:00+00:00,response_time_p99,790.379313
2026-03-16T13:05:00+00:00,error_rate,0.047508
2026-03-16T13:05:00+00:00,response_time_p99,793.361553
2026-03-16T13:10:00+00:00,error_rate,0.046858
2026-03-16T13:10:00+00:00,response_time_p99,829.428413
2026-03-16T13:15:00+00:00,error_rate,0.053401
2026-03-16T13:15:00+00:00,response_time_p99,791.019961
2026-03-16T13:20:00+00:00,error_rate,0.052848
2026-03-16T13:20:00+00:00,response_time_p99,791.027383
2026-03-16T13:25:00+00:00,error_rate,0.049995
2026-03-16T13:25:00+00:00,response_time_p99,836.531989
2026-03-16T13:30:00+00:00,error_rate,0.050680
2026-03-16T13:30:00+00:00,response_time_p99,810.801237
2026-03-16T13:35:00+00:00,error_rate,0.049863
2026-03-16T13:35:00+00:00,response_time_p99,799.102327
2026-03-16T13:40:00+00:00,error_rate,0.054082
2026-03-16T13:40:00+00:00,response_time_p99,766.199829
2026-03-16T13:45:00+00:00,error_rate,0.051702
2026-03-16T13:45:00+00:00,response_time_p99,798.942506
2026-03-16T13:50:00+00:00,error_rate,0.046645
2026-03-16T13:50:00+00:00,response_time_p99,785.848238
2026-03-16T13:55:00+00:00,error_rate,0.051922
2026-03-16T13:55:00+00:00,response_time_p99,785.099582
2026-03-16T14:00:00+00:00,error_rate,0.047931
2026-03-16T14:00:00+00:00,response_time_p99,805.450843
2026-03-16T14:05:00+00:00,error_rate,0.046183
2026-03-16T14:05:00+00:00,response_time_p99,832.116412
2026-03-16T14:10:00+00:00,error_rate,0.050355
2026-03-16T14:10:00+00:00,response_time_p99,808.921471
2026-03-16T14:15:00+00:00,error_rate,0.053719
2026-03-16T14:15:00+00:00,response_time_p99,779.410988
2026-03-16T14:20:00+00:00,error_rate,0.051684
2026-03-16T14:20:00+00:00,response_time_p99,776.994825
2026-03-16T14:25:00+00:00,error_rate,0.051991
2026-03-16T14:25:00+00:00,response_time_p99,796.407749
2026-03-16T14:30:00+00:00,error_rate,0.054259
2026-03-16T14:30:00+00:00,response_time_p99,789.527816
2026-03-16T14:35:00+00:00,error_rate,0.053035
2026-03-16T14:35:00+00:00,response_time_p99,808.681955
2026-03-16T14:40:00+00:00,error_rate,0.051579
2026-03-16T14:40:00+00:00,response_time_p99,804.476822
2026-03-16T14:45:00+00:00,error_rate,0.049921
2026-03-16T14:45:00+00:00,response_time_p99,768.255161
2026-03-16T14:50:00+00:00,error_rate,0.053909
2026-03-16T14:50:00+00:00,response_time_p99,839.078626
2026-03-16T14:55:00+00:00,error_rate,0.054176
2026-03-16T14:55:00+00:00,response_time_p99,830.022474
2026-03-16T15:00:00+00:00,error_rate,0.049187
2026-03-16T15:00:00+00:00,response_time_p99,775.990302
2026-03-16T15:05:00+00:00,error_rate,0.046526
2026-03-16T15:05:00+00:00,response_time_p99,828.218280
2026-03-16T15:10:00+00:00,error_rate,0.047687
2026-03-16T15:10:00+00:00,response_time_p99,791.855981
2026-03-16T15:15:00+00:00,error_rate,0.054050
2026-03-16T15:15:00+00:00,response_time_p99,834.598814
2026-03-16T15:20:00+00:00,error_rate,0.047410
2026-03-16T15:20:00+00:00,response_time_p99,816.380959
2026-03-16T15:25:00+00:00,error_rate,0.049483
2026-03-16T15:25:00+00:00,response_time_p99,778.634641
2026-03-16T15:30:00+00:00,error_rate,0.049299
2026-03-16T15:30:00+00:00,response_time_p99,807.096792
2026-03-16T15:35:00+00:00,error_rate,0.054354
2026-03-16T15:35:00+00:00,response_time_p99,793.681946
2026-03-16T15:40:00+00:00,error_rate,0.050932
2026-03-16T15:40:00+00:00,response_time_p99,826.716015
2026-03-16T15:45:00+00:00,error_rate,0.054680
2026-03-16T15:45:00+00:00,response_time_p99,831.331965
2026-03-16T15:50:00+00:00,error_rate,0.049468
2026-03-16T15:50:00+00:00,response_time_p99,794.679571
2026-03-16T15:55:00+00:00,error_rate,0.054141
2026-03-16T15:55:00+00:00,response_time_p99,806.593328
2026-03-16T16:00:00+00:00,error_rate,0.050600
2026-03-16T16:00:00+00:00,response_time_p99,788.382690
2026-03-16T16:05:00+00:00,error_rate,0.050254
2026-03-16T16:05:00+00:00,response_time_p99,771.580897
2026-03-16T16:10:00+00:00,error_rate,0.052587
2026-03-16T16:10:00+00:00,response_time_p99,800.490564
2026-03-16T16:15:00+00:00,error_rate,0.049114
2026-03-16T16:15:00+00:00,response_time_p99,775.507785
2026-03-16T16:20:00+00:00,error_rate,0.052341
2026-03-16T16:20:00+00:00,response_time_p99,791.808524
2026-03-16T16:25:00+00:00,error_rate,0.052080
2026-03-16T16:25:00+00:00,response_time_p99,804.122172
2026-03-16T16:30:00+00:00,error_rate,0.046306
2026-03-16T16:30:00+00:00,response_time_p99,764.129379
2026-03-16T16:35:00+00:00,error_rate,0.046955
2026-03-16T16:35:00+00:00,response_time_p99,800.785295
2026-03-16T16:40:00+00:00,error_rate,0.051514
2026-03-16T16:40:00+00:00,response_time_p99,792.147364
2026-03-16T16:45:00+00:00,error_rate,0.052581
2026-03-16T16:45:00+00:00,response_time_p99,834.853891
2026-03-16T16:50:00+00:00,error_rate,0.049700
2026-03-16T16:50:00+00:00,response_time_p99,831.488427
2026-03-16T16:55:00+00:00,error_rate,0.045779
2026-03-16T16:55:00+00:00,response_time_p99,770.982954
2026-03-16T17:00:00+00:00,error_rate,0.049828
2026-03-16T17:00:00+00:00,response_time_p99,770.837536
2026-03-16T17:05:00+00:00,error_rate,0.047006
2026-03-16T17:05:00+00:00,response_time_p99,832.057482
2026-03-16T17:10:00+00:00,error_rate,0.054174
2026-03-16T17:10:00+00:00,response_time_p99,778.088005
2026-03-16T17:15:00+00:00,error_rate,0.050793
2026-03-16T17:15:00+00:00,response_time_p99,800.903696
2026-03-16T17:20:00+00:00,error_rate,0.050476
2026-03-16T17:20:00+00:00,response_time_p99,770.454581
2026-03-16T17:25:00+00:00,error_rate,0.049125
2026-03-16T17:25:00+00:00,response_time_p99,791.657491
2026-03-16T17:30:00+00:00,error_rate,0.052514
2026-03-16T17:30:00+00:00,response_time_p99,837.944968
2026-03-16T17:35:00+00:00,error_rate,0.045942
2026-03-16T17:35:00+00:00,response_time_p99,785.792631
2026-03-16T17:40:00+00:00,error_rate,0.049909
2026-03-16T17:40:00+00:00,response_time_p99,808.341196
2026-03-16T17:45:00+00:00,error_rate,0.052627
2026-03-16T17:45:00+00:00,response_time_p99,776.841015
2026-03-16T17:50:00+00:00,error_rate,0.045747
2026-03-16T17:50:00+00:00,response_time_p99,802.176152
2026-03-16T17:55:00+00:00,error_rate,0.054560
2026-03-16T17:55:00+00:00,response_time_p99,808.323116
2026-03-16T18:00:00+00:00,error_rate,0.046918
2026-03-16T18:00:00+00:00,response_time_p99,769.774488
2026-03-16T18:05:00+00:00,error_rate,0.052292
2026-03-16T18:05:00+00:00,response_time_p99,801.340338
2026-03-16T18:10:00+00:00,error_rate,0.046647
2026-03-16T18:10:00+00:00,response_time_p99,815.660795
2026-03-16T18:15:00+00:00,error_rate,0.046327
2026-03-16T18:15:00+00:00,response_time_p99,790.619792
2026-03-16T18:20:00+00:00,error_rate,0.049965
2026-03-16T18:20:00+00:00,response_time_p99,819.715911
2026-03-16T18:25:00+00:00,error_rate,0.047962
2026-03-16T18:25:00+00:00,response_time_p99,795.998667
2026-03-16T18:30:00+00:00,error_rate,0.054776
2026-03-16T18:30:00+00:00,response_time_p99,834.040109
2026-03-16T18:35:00+00:00,error_rate,0.048522
2026-03-16T18:35:00+00:00,response_time_p99,782.970617
2026-03-16T18:40:00+00:00,error_rate,0.053119
2026-03-16T18:40:00+00:00,response_time_p99,810.490903
2026-03-16T18:45:00+00:00,error_rate,0.053570
2026-03-16T18:45:00+00:00,response_time_p99,817.193394
2026-03-16T18:50:00+00:00,error_rate,0.046418
2026-03-16T18:50:00+00:00,response_time_p99,763.953897
2026-03-16T18:55:00+00:00,error_rate,0.054035
2026-03-16T18:55:00+00:00,response_time_p99,818.109042
2026-03-16T19:00:00+00:00,error_rate,0.045728
2026-03-16T19:00:00+00:00,response_time_p99,781.930059
2026-03-16T19:05:00+00:00,error_rate,0.049118
2026-03-16T19:05:00+00:00,response_time_p99,783.540107
2026-03-16T19:10:00+00:00,error_rate,0.049933
2026-03-16T19:10:00+00:00,response_time_p99,807.671590
2026-03-16T19:15:00+00:00,error_rate,0.053303
2026-03-16T19:15:00+00:00,response_time_p99,838.369451
2026-03-16T19:20:00+00:00,error_rate,0.051397
2026-03-16T19:20:00+00:00,response_time_p99,813.183169
2026-03-16T19:25:00+00:00,error_rate,0.054268
2026-03-16T19:25:00+00:00,response_time_p99,839.968225
2026-03-16T19:30:00+00:00,error_rate,0.047426
2026-03-16T19:30:00+00:00,response_time_p99,791.817235
2026-03-16T19:35:00+00:00,error_rate,0.047828
2026-03-16T19:35:00+00:00,response_time_p99,776.808633
2026-03-16T19:40:00+00:00,error_rate,0.047968
2026-03-16T19:40:00+00:00,response_time_p99,813.397161
2026-03-16T19:45:00+00:00,error_rate,0.049617
2026-03-16T19:45:00+00:00,response_time_p99,827.517556
2026-03-16T19:50:00+00:00,error_rate,0.053413
2026-03-16T19:50:00+00:00,response_time_p99,822.307579
2026-03-16T19:55:00+00:00,error_rate,0.050742
2026-03-16T19:55:00+00:00,response_time_p99,835.407802
2026-03-16T20:00:00+00:00,error_rate,0.047010
2026-03-16T20:00:00+00:00,response_time_p99,767.926879
2026-03-16T20:05:00+00:00,error_rate,0.052574
2026-03-16T20:05:00+00:00,response_time_p99,768.150065
2026-03-16T20:10:00+00:00,error_rate,0.046070
2026-03-16T20:10:00+00:00,response_time_p99,814.162554
2026-03-16T20:15:00+00:00,error_rate,0.048429
2026-03-16T20:15:00+00:00,response_time_p99,765.098863
2026-03-16T20:20:00+00:00,error_rate,0.053510
2026-03-16T20:20:00+00:00,response_time_p99,807.766675
2026-03-16T20:25:00+00:00,error_rate,0.052819
2026-03-16T20:25:00+00:00,response_time_p99,796.987103
2026-03-16T20:30:00+00:00,error_rate,0.050004
2026-03-16T20:30:00+00:00,response_time_p99,838.742109
2026-03-16T20:35:00+00:00,error_rate,0.046608
2026-03-16T20:35:00+00:00,response_time_p99,835.915483
2026-03-16T20:40:00+00:00,error_rate,0.054320
2026-03-16T20:40:00+00:00,response_time_p99,816.159674
2026-03-16T20:45:00+00:00,error_rate,0.049303
2026-03-16T20:45:00+00:00,response_time_p99,778.972119
2026-03-16T20:50:00+00:00,error_rate,0.048681
2026-03-16T20:50:00+00:00,response_time_p99,770.691243
2026-03-16T20:55:00+00:00,error_rate,0.050459
2026-03-16T20:55:00+00:00,response_time_p99,794.245161
2026-03-16T21:00:00+00:00,error_rate,0.048674
2026-03-16T21:00:00+00:00,response_time_p99,784.910294
2026-03-16T21:05:00+00:00,error_rate,0.045169
2026-03-16T21:05:00+00:00,response_time_p99,833.255238
2026-03-16T21:10:00+00:00,error_rate,0.052896
2026-03-16T21:10:00+00:00,response_time_p99,795.055223
2026-03-16T21:15:00+00:00,error_rate,0.049592
2026-03-16T21:15:00+00:00,response_time_p99,819.968003
2026-03-16T21:20:00+00:00,error_rate,0.045864
2026-03-16T21:20:00+00:00,response_time_p99,823.612968
2026-03-16T21:25:00+00:00,error_rate,0.047092
2026-03-16T21:25:00+00:00,response_time_p99,797.309091
2026-03-16T21:30:00+00:00,error_rate,0.050931
2026-03-16T21:30:00+00:00,response_time_p99,773.246132
2026-03-16T21:35:00+00:00,error_rate,0.048791
2026-03-16T21:35:00+00:00,response_time_p99,836.505932
2026-03-16T21:40:00+00:00,error_rate,0.052656
2026-03-16T21:40:00+00:00,response_time_p99,818.296536
2026-03-16T21:45:00+00:00,error_rate,0.051784
2026-03-16T21:45:00+00:00,response_time_p99,790.398966
2026-03-16T21:50:00+00:00,error_rate,0.049884
2026-03-16T21:50:00+00:00,response_time_p99,764.559021
2026-03-16T21:55:00+00:00,error_rate,0.053109
2026-03-16T21:55:00+00:00,response_time_p99,781.078315
2026-03-16T22:00:00+00:00,error_rate,0.046047
2026-03-16T22:00:00+00:00,response_time_p99,819.678342
2026-03-16T22:05:00+00:00,error_rate,0.045616
2026-03-16T22:05:00+00:00,response_time_p99,771.329904
2026-03-16T22:10:00+00:00,error_rate,0.046814
2026-03-16T22:10:00+00:00,response_time_p99,794.144328
2026-03-16T22:15:00+00:00,error_rate,0.052149
2026-03-16T22:15:00+00:00,response_time_p99,827.795256
2026-03-16T22:20:00+00:00,error_rate,0.054389
2026-03-16T22:20:00+00:00,response_time_p99,774.535262
2026-03-16T22:25:00+00:00,error_rate,0.051608
2026-03-16T22:25:00+00:00,response_time_p99,779.260632
2026-03-16T22:30:00+00:00,error_rate,0.054540
2026-03-16T22:30:00+00:00,response_time_p99,811.979417
2026-03-16T22:35:00+00:00,error_rate,0.049134
2026-03-16T22:35:00+00:00,response_time_p99,818.761030
2026-03-16T22:40:00+00:00,error_rate,0.046352
2026-03-16T22:40:00+00:00,response_time_p99,778.491547
2026-03-16T22:45:00+00:00,error_rate,0.050044
2026-03-16T22:45:00+00:00,response_time_p99,795.072344
2026-03-16T22:50:00+00:00,error_rate,0.051492
2026-03-16T22:50:00+00:00,response_time_p99,801.696337
2026-03-16T22:55:00+00:00,error_rate,0.054785
2026-03-16T22:55:00+00:00,response_time_p99,796.352482
2026-03-16T23:00:00+00:00,error_rate,0.052092
2026-03-16T23:00:00+00:00,response_time_p99,791.876548
2026-03-16T23:05:00+00:00,error_rate,0.045820
2026-03-16T23:05:00+00:00,response_time_p99,800.490891
2026-03-16T23:10:00+00:00,error_rate,0.053240
2026-03-16T23:10:00+00:00,response_time_p99,793.017519
2026-03-16T23:15:00+00:00,error_rate,0.052594
2026-03-16T23:15:00+00:00,response_time_p99,830.655136
2026-03-16T23:20:00+00:00,error_rate,0.052138
2026-03-16T23:20:00+00:00,response_time_p99,818.118924
2026-03-16T23:25:00+00:00,error_rate,0.051399
2026-03-16T23:25:00+00:00,response_time_p99,760.573985
2026-03-16T23:30:00+00:00,error_rate,0.054855
2026-03-16T23:30:00+00:00,response_time_p99,801.703214
2026-03-16T23:35:00+00:00,error_rate,0.049935
2026-03-16T23:35:00+00:00,response_time_p99,816.746261
2026-03-16T23:40:00+00:00,error_rate,0.047027
2026-03-16T23:40:00+00:00,response_time_p99,778.951267
2026-03-16T23:45:00+00:00,error_rate,0.046789
2026-03-16T23:45:00+00:00,response_time_p99,792.342734
2026-03-16T23:50:00+00:00,error_rate,0.047218
2026-03-16T23:50:00+00:00,response_time_p99,793.558856
2026-03-16T23:55:00+00:00,error_rate,0.052207
2026-03-16T23:55:00+00:00,response_time_p99,792.203917
2026-03-17T00:00:00+00:00,error_rate,0.051728
2026-03-17T00:00:00+00:00,response_time_p99,785.665861
2026-03-17T00:05:00+00:00,error_rate,0.054567
2026-03-17T00:05:00+00:00,response_time_p99,799.899602
2026-03-17T00:10:00+00:00,error_rate,0.050323
2026-03-17T00:10:00+00:00,response_time_p99,786.290395
2026-03-17T00:15:00+00:00,error_rate,0.054391
2026-03-17T00:15:00+00:00,response_time_p99,760.983454
2026-03-17T00:20:00+00:00,error_rate,0.047687
2026-03-17T00:20:00+00:00,response_time_p99,805.223371
2026-03-17T00:25:00+00:00,error_rate,0.046654
2026-03-17T00:25:00+00:00,response_time_p99,810.927600
2026-03-17T00:30:00+00:00,error_rate,0.051403
2026-03-17T00:30:00+00:00,response_time_p99,812.929642
2026-03-17T00:35:00+00:00,error_rate,0.052351
2026-03-17T00:35:00+00:00,response_time_p99,813.872438
2026-03-17T00:40:00+00:00,error_rate,0.051960
2026-03-17T00:40:00+00:00,response_time_p99,765.695951
2026-03-17T00:45:00+00:00,error_rate,0.047784
2026-03-17T00:45:00+00:00,response_time_p99,805.360217
2026-03-17T00:50:00+00:00,error_rate,0.050776
2026-03-17T00:50:00+00:00,response_time_p99,828.265422
2026-03-17T00:55:00+00:00,error_rate,0.048340
2026-03-17T00:55:00+00:00,response_time_p99,824.526771
2026-03-17T01:00:00+00:00,error_rate,0.048933
2026-03-17T01:00:00+00:00,response_time_p99,831.863894
2026-03-17T01:05:00+00:00,error_rate,0.052660
2026-03-17T01:05:00+00:00,response_time_p99,818.807904
2026-03-17T01:10:00+00:00,error_rate,0.048570
2026-03-17T01:10:00+00:00,response_time_p99,810.373293
2026-03-17T01:15:00+00:00,error_rate,0.045981
2026-03-17T01:15:00+00:00,response_time_p99,827.979317
2026-03-17T01:20:00+00:00,error_rate,0.046159
2026-03-17T01:20:00+00:00,response_time_p99,811.362917
2026-03-17T01:25:00+00:00,error_rate,0.051067
2026-03-17T01:25:00+00:00,response_time_p99,833.870695
2026-03-17T01:30:00+00:00,error_rate,0.052237
2026-03-17T01:30:00+00:00,response_time_p99,766.432936
2026-03-17T01:35:00+00:00,error_rate,0.053765
2026-03-17T01:35:00+00:00,response_time_p99,826.069539
2026-03-17T01:40:00+00:00,error_rate,0.053707
2026-03-17T01:40:00+00:00,response_time_p99,787.092281
2026-03-17T01:45:00+00:00,error_rate,0.052970
2026-03-17T01:45:00+00:00,response_time_p99,803.036655
2026-03-17T01:50:00+00:00,error_rate,0.053603
2026-03-17T01:50:00+00:00,response_time_p99,781.136490
2026-03-17T01:55:00+00:00,error_rate,0.051124
2026-03-17T01:55:00+00:00,response_time_p99,800.439258
2026-03-17T02:00:00+00:00,error_rate,0.052868
2026-03-17T02:00:00+00:00,response_time_p99,830.553245
2026-03-17T02:05:00+00:00,error_rate,0.045045
2026-03-17T02:05:00+00:00,response_time_p99,814.034940
2026-03-17T02:10:00+00:00,error_rate,0.051335
2026-03-17T02:10:00+00:00,response_time_p99,772.818679
2026-03-17T02:15:00+00:00,error_rate,0.054531
2026-03-17T02:15:00+00:00,response_time_p99,761.777181
2026-03-17T02:20:00+00:00,error_rate,0.048787
2026-03-17T02:20:00+00:00,response_time_p99,780.769305
2026-03-17T02:25:00+00:00,error_rate,0.052253
2026-03-17T02:25:00+00:00,response_time_p99,827.120487
2026-03-17T02:30:00+00:00,error_rate,0.051427
2026-03-17T02:30:00+00:00,response_time_p99,774.423972
2026-03-17T02:35:00+00:00,error_rate,0.047224
2026-03-17T02:35:00+00:00,response_time_p99,801.220897
2026-03-17T02:40:00+00:00,error_rate,0.053298
2026-03-17T02:40:00+00:00,response_time_p99,782.099124
2026-03-17T02:45:00+00:00,error_rate,0.047366
2026-03-17T02:45:00+00:00,response_time_p99,802.046527
2026-03-17T02:50:00+00:00,error_rate,0.051385
2026-03-17T02:50:00+00:00,response_time_p99,795.555970
2026-03-17T02:55:00+00:00,error_rate,0.050629
2026-03-17T02:55:00+00:00,response_time_p99,770.416016
2026-03-17T03:00:00+00:00,error_rate,0.051114
2026-03-17T03:00:00+00:00,response_time_p99,796.441634
2026-03-17T03:05:00+00:00,error_rate,0.048565
2026-03-17T03:05:00+00:00,response_time_p99,791.634540
2026-03-17T03:10:00+00:00,error_rate,0.047727
2026-03-17T03:10:00+00:00,response_time_p99,773.394997
2026-03-17T03:15:00+00:00,error_rate,0.045000
2026-03-17T03:15:00+00:00,response_time_p99,789.070172
2026-03-17T03:20:00+00:00,error_rate,0.050186
2026-03-17T03:20:00+00:00,response_time_p99,803.793558
2026-03-17T03:25:00+00:00,error_rate,0.053167
2026-03-17T03:25:00+00:00,response_time_p99,826.711105
2026-03-17T03:30:00+00:00,error_rate,0.048141
2026-03-17T03:30:00+00:00,response_time_p99,804.236428
2026-03-17T03:35:00+00:00,error_rate,0.049544
2026-03-17T03:35:00+00:00,response_time_p99,765.768665
2026-03-17T03:40:00+00:00,error_rate,0.048746
2026-03-17T03:40:00+00:00,response_time_p99,816.328202
2026-03-17T03:45:00+00:00,error_rate,0.049380
2026-03-17T03:45:00+00:00,response_time_p99,775.252912
2026-03-17T03:50:00+00:00,error_rate,0.047536
2026-03-17T03:50:00+00:00,response_time_p99,785.476558
2026-03-17T03:55:00+00:00,error_rate,0.049629
2026-03-17T03:55:00+00:00,response_time_p99,833.286849
2026-03-17T04:00:00+00:00,error_rate,0.054618
2026-03-17T04:00:00+00:00,response_time_p99,797.791515
2026-03-17T04:05:00+00:00,error_rate,0.046592
2026-03-17T04:05:00+00:00,response_time_p99,786.068773
2026-03-17T04:10:00+00:00,error_rate,0.048305
2026-03-17T04:10:00+00:00,response_time_p99,760.481224
2026-03-17T04:15:00+00:00,error_rate,0.053368
2026-03-17T04:15:00+00:00,response_time_p99,838.090825
2026-03-17T04:20:00+00:00,error_rate,0.046718
2026-03-17T04:20:00+00:00,response_time_p99,777.242886
2026-03-17T04:25:00+00:00,error_rate,0.053651
2026-03-17T04:25:00+00:00,response_time_p99,774.105169
2026-03-17T04:30:00+00:00,error_rate,0.051087
2026-03-17T04:30:00+00:00,response_time_p99,764.321465
2026-03-17T04:35:00+00:00,error_rate,0.045798
2026-03-17T04:35:00+00:00,response_time_p99,798.041355
2026-03-17T04:40:00+00:00,error_rate,0.045340
2026-03-17T04:40:00+00:00,response_time_p99,798.186606
2026-03-17T04:45:00+00:00,error_rate,0.047566
2026-03-17T04:45:00+00:00,response_time_p99,767.931854
2026-03-17T04:50:00+00:00,error_rate,0.052263
2026-03-17T04:50:00+00:00,response_time_p99,830.616997
2026-03-17T04:55:00+00:00,error_rate,0.048349
2026-03-17T04:55:00+00:00,response_time_p99,838.560937
2026-03-17T05:00:00+00:00,error_rate,0.050289
2026-03-17T05:00:00+00:00,response_time_p99,810.646193
2026-03-17T05:05:00+00:00,error_rate,0.051729
2026-03-17T05:05:00+00:00,response_time_p99,833.721779
2026-03-17T05:10:00+00:00,error_rate,0.053876
2026-03-17T05:10:00+00:00,response_time_p99,808.027174
2026-03-17T05:15:00+00:00,error_rate,0.054092
2026-03-17T05:15:00+00:00,response_time_p99,816.709594
2026-03-17T05:20:00+00:00,error_rate,0.047883
2026-03-17T05:20:00+00:00,response_time_p99,773.156734
2026-03-17T05:25:00+00:00,error_rate,0.047098
2026-03-17T05:25:00+00:00,response_time_p99,831.286221
2026-03-17T05:30:00+00:00,error_rate,0.054373
2026-03-17T05:30:00+00:00,response_time_p99,816.795633
2026-03-17T05:35:00+00:00,error_rate,0.048854
2026-03-17T05:35:00+00:00,response_time_p99,791.545182
2026-03-17T05:40:00+00:00,error_rate,0.054420
2026-03-17T05:40:00+00:00,response_time_p99,821.548686
2026-03-17T05:45:00+00:00,error_rate,0.053685
2026-03-17T05:45:00+00:00,response_time_p99,806.713663
2026-03-17T05:50:00+00:00,error_rate,0.053342
2026-03-17T05:50:00+00:00,response_time_p99,775.864013
2026-03-17T05:55:00+00:00,error_rate,0.045105
2026-03-17T05:55:00+00:00,response_time_p99,808.269816
2026-03-17T06:00:00+00:00,error_rate,0.050530
2026-03-17T06:00:00+00:00,response_time_p99,806.851005
2026-03-17T06:05:00+00:00,error_rate,0.046153
2026-03-17T06:05:00+00:00,response_time_p99,799.742655
2026-03-17T06:10:00+00:00,error_rate,0.045898
2026-03-17T06:10:00+00:00,response_time_p99,764.074781
2026-03-17T06:15:00+00:00,error_rate,0.050373
2026-03-17T06:15:00+00:00,response_time_p99,809.930000
2026-03-17T06:20:00+00:00,error_rate,0.049801
2026-03-17T06:20:00+00:00,response_time_p99,805.248957
2026-03-17T06:25:00+00:00,error_rate,0.047545
2026-03-17T06:25:00+00:00,response_time_p99,768.182000
2026-03-17T06:30:00+00:00,error_rate,0.046199
2026-03-17T06:30:00+00:00,response_time_p99,826.423894
2026-03-17T06:35:00+00:00,error_rate,0.052186
2026-03-17T06:35:00+00:00,response_time_p99,805.008356
2026-03-17T06:40:00+00:00,error_rate,0.052218
2026-03-17T06:40:00+00:00,response_time_p99,829.483509
2026-03-17T06:45:00+00:00,error_rate,0.049898
2026-03-17T06:45:00+00:00,response_time_p99,781.666606
2026-03-17T06:50:00+00:00,error_rate,0.052960
2026-03-17T06:50:00+00:00,response_time_p99,796.105204
2026-03-17T06:55:00+00:00,error_rate,0.052572
2026-03-17T06:55:00+00:00,response_time_p99,767.549997
2026-03-17T07:00:00+00:00,error_rate,0.050753
2026-03-17T07:00:00+00:00,response_time_p99,771.659149
2026-03-17T07:05:00+00:00,error_rate,0.051228
2026-03-17T07:05:00+00:00,response_time_p99,766.646040
2026-03-17T07:10:00+00:00,error_rate,0.048824
2026-03-17T07:10:00+00:00,response_time_p99,765.692860
2026-03-17T07:15:00+00:00,error_rate,0.052254
2026-03-17T07:15:00+00:00,response_time_p99,776.159703
2026-03-17T07:20:00+00:00,error_rate,0.047643
2026-03-17T07:20:00+00:00,response_time_p99,799.166179
2026-03-17T07:25:00+00:00,error_rate,0.048406
2026-03-17T07:25:00+00:00,response_time_p99,765.556955
2026-03-17T07:30:00+00:00,error_rate,0.052091
2026-03-17T07:30:00+00:00,response_time_p99,819.734178
2026-03-17T07:35:00+00:00,error_rate,0.049079
2026-03-17T07:35:00+00:00,response_time_p99,811.049847
2026-03-17T07:40:00+00:00,error_rate,0.046258
2026-03-17T07:40:00+00:00,response_time_p99,803.280342
2026-03-17T07:45:00+00:00,error_rate,0.046361
2026-03-17T07:45:00+00:00,response_time_p99,825.612979
2026-03-17T07:50:00+00:00,error_rate,0.050325
2026-03-17T07:50:00+00:00,response_time_p99,783.951460
2026-03-17T07:55:00+00:00,error_rate,0.049776
2026-03-17T07:55:00+00:00,response_time_p99,821.898080
2026-03-17T08:00:00+00:00,error_rate,0.049233
2026-03-17T08:00:00+00:00,response_time_p99,792.762149
2026-03-17T08:05:00+00:00,error_rate,0.050650
2026-03-17T08:05:00+00:00,response_time_p99,799.019553
2026-03-17T08:10:00+00:00,error_rate,0.046702
2026-03-17T08:10:00+00:00,response_time_p99,783.286700
2026-03-17T08:15:00+00:00,error_rate,0.045163
2026-03-17T08:15:00+00:00,response_time_p99,789.093238
2026-03-17T08:20:00+00:00,error_rate,0.048798
2026-03-17T08:20:00+00:00,response_time_p99,805.061122
2026-03-17T08:25:00+00:00,error_rate,0.047704
2026-03-17T08:25:00+00:00,response_time_p99,773.526653
2026-03-17T08:30:00+00:00,error_rate,0.046844
2026-03-17T08:30:00+00:00,response_time_p99,781.868275
2026-03-17T08:35:00+00:00,error_rate,0.051584
2026-03-17T08:35:00+00:00,response_time_p99,813.218650
2026-03-17T08:40:00+00:00,error_rate,0.048611
2026-03-17T08:40:00+00:00,response_time_p99,775.044215
2026-03-17T08:45:00+00:00,error_rate,0.054882
2026-03-17T08:45:00+00:00,response_time_p99,808.448406
2026-03-17T08:50:00+00:00,error_rate,0.051996
2026-03-17T08:50:00+00:00,response_time_p99,803.751068
2026-03-17T08:55:00+00:00,error_rate,0.050945
2026-03-17T08:55:00+00:00,response_time_p99,792.885600
2026-03-17T09:00:00+00:00,error_rate,0.047145
2026-03-17T09:00:00+00:00,response_time_p99,783.020222
2026-03-17T09:05:00+00:00,error_rate,0.052698
2026-03-17T09:05:00+00:00,response_time_p99,827.501623
2026-03-17T09:10:00+00:00,error_rate,0.049657
2026-03-17T09:10:00+00:00,response_time_p99,782.261693
2026-03-17T09:15:00+00:00,error_rate,0.045187
2026-03-17T09:15:00+00:00,response_time_p99,777.054643
2026-03-17T09:20:00+00:00,error_rate,0.054830
2026-03-17T09:20:00+00:00,response_time_p99,825.685523
2026-03-17T09:25:00+00:00,error_rate,0.049292
2026-03-17T09:25:00+00:00,response_time_p99,839.391084
2026-03-17T09:30:00+00:00,error_rate,0.051873
2026-03-17T09:30:00+00:00,response_time_p99,834.417463
2026-03-17T09:35:00+00:00,error_rate,0.054730
2026-03-17T09:35:00+00:00,response_time_p99,761.948598
2026-03-17T09:40:00+00:00,error_rate,0.047119
2026-03-17T09:40:00+00:00,response_time_p99,786.129773
2026-03-17T09:45:00+00:00,error_rate,0.046077
2026-03-17T09:45:00+00:00,response_time_p99,823.773735
2026-03-17T09:50:00+00:00,error_rate,0.055000
2026-03-17T09:50:00+00:00,response_time_p99,795.333338
2026-03-17T09:55:00+00:00,error_rate,0.045163
2026-03-17T09:55:00+00:00,response_time_p99,778.612192
2026-03-17T10:00:00+00:00,error_rate,0.049914
2026-03-17T10:00:00+00:00,response_time_p99,816.256043
2026-03-17T10:05:00+00:00,error_rate,0.048976
2026-03-17T10:05:00+00:00,response_time_p99,794.560256
2026-03-17T10:10:00+00:00,error_rate,0.049118
2026-03-17T10:10:00+00:00,response_time_p99,763.371258
2026-03-17T10:15:00+00:00,error_rate,0.054188
2026-03-17T10:15:00+00:00,response_time_p99,825.766817
2026-03-17T10:20:00+00:00,error_rate,0.054767
2026-03-17T10:20:00+00:00,response_time_p99,829.525012
2026-03-17T10:25:00+00:00,error_rate,0.050332
2026-03-17T10:25:00+00:00,response_time_p99,805.891298
2026-03-17T10:30:00+00:00,error_rate,0.048846
2026-03-17T10:30:00+00:00,response_time_p99,785.246356
2026-03-17T10:35:00+00:00,error_rate,0.052229
2026-03-17T10:35:00+00:00,response_time_p99,778.449146
2026-03-17T10:40:00+00:00,error_rate,0.045871
2026-03-17T10:40:00+00:00,response_time_p99,777.291812
2026-03-17T10:45:00+00:00,error_rate,0.045254
2026-03-17T10:45:00+00:00,response_time_p99,798.285373
2026-03-17T10:50:00+00:00,error_rate,0.046100
2026-03-17T10:50:00+00:00,response_time_p99,788.758059
2026-03-17T10:55:00+00:00,error_rate,0.053119
2026-03-17T10:55:00+00:00,response_time_p99,788.658987
2026-03-17T11:00:00+00:00,error_rate,0.054232
2026-03-17T11:00:00+00:00,response_time_p99,829.556126
2026-03-17T11:05:00+00:00,error_rate,0.049524
2026-03-17T11:05:00+00:00,response_time_p99,796.675570
2026-03-17T11:10:00+00:00,error_rate,0.050096
2026-03-17T11:10:00+00:00,response_time_p99,816.309608
2026-03-17T11:15:00+00:00,error_rate,0.051612
2026-03-17T11:15:00+00:00,response_time_p99,834.389616
2026-03-17T11:20:00+00:00,error_rate,0.054049
2026-03-17T11:20:00+00:00,response_time_p99,836.818718
2026-03-17T11:25:00+00:00,error_rate,0.047230
2026-03-17T11:25:00+00:00,response_time_p99,788.202232
2026-03-17T11:30:00+00:00,error_rate,0.050183
2026-03-17T11:30:00+00:00,response_time_p99,820.133820
2026-03-17T11:35:00+00:00,error_rate,0.054512
2026-03-17T11:35:00+00:00,response_time_p99,809.190301
2026-03-17T11:40:00+00:00,error_rate,0.045892
2026-03-17T11:40:00+00:00,response_time_p99,767.612529
2026-03-17T11:45:00+00:00,error_rate,0.045518
2026-03-17T11:45:00+00:00,response_time_p99,819.946391
2026-03-17T11:50:00+00:00,error_rate,0.053184
2026-03-17T11:50:00+00:00,response_time_p99,833.081269
2026-03-17T11:55:00+00:00,error_rate,0.050410
2026-03-17T11:55:00+00:00,response_time_p99,819.276646
